"","census_id","CLSC_code","census_type","CLSC_nom"
"1",2401,11211,"CD","Îles-de-la-Madeleine"
"2",2405,11112,"CD","Bonaventure"
"3",2406,11111,"CD","Avignon"
"4",2407,1181,"CD","La Matapédia"
"5",2408,1171,"CD","Matane"
"6",2409,1161,"CD","La Mitis"
"7",2410,1151,"CD","Rimouski-Neigette"
"8",2411,1141,"CD","Les Basques"
"9",2412,1121,"CD","Rivière-du-Loup"
"10",2413,1131,"CD","Témiscouata"
"11",2414,1111,"CD","Kamouraska"
"12",2415,3142,"CD","Charlevoix-Est"
"13",2416,3141,"CD","Charlevoix-Ouest"
"14",2417,12152,"CD","L'Islet"
"15",2418,12151,"CD","Montmagny"
"16",2419,12114,"CD","Bellechasse"
"17",2420,3134,"CD","Orléans"
"18",2421,3134,"CD","Orléans"
"19",2427,12131,"CD","Robert-Cliche"
"20",2428,12141,"CD","Des Etchemins"
"21",2429,12132,"CD","Beauce-Sartigan"
"22",2430,5191,"CD","Granit"
"23",2431,12121,"CD","Les Appalaches"
"24",2432,4182,"CD","De l'Érable"
"25",2433,12111,"CD","Lotbinière"
"26",2434,3111,"CD","Portneuf"
"27",2435,4121,"CD","Mékinac"
"28",2436,4141,"CD","Centre-de-la-Mauricie"
"29",2438,4162,"CD","Bécancour"
"30",2439,4181,"CD","Arthabaska"
"31",2440,5171,"CD","Asbestos"
"32",2441,5181,"CD","Haut-Saint-François"
"33",2442,5161,"CD","Val Saint-François"
"34",2443,5151,"CD","Sherbrooke"
"35",2444,5141,"CD","Coaticook"
"36",2445,5131,"CD","Memphrémagog"
"37",2447,5121,"CD","Granby-Shefford-Bromont"
"38",2448,16223,"CD","Acton"
"39",2449,4171,"CD","Drummond"
"40",2450,4161,"CD","Nicolet-Yamaska"
"41",2452,14114,"CD","D'Autray"
"42",2453,16231,"CD","Bas Richelieu"
"43",2454,16222,"CD","Les Maskoutains"
"44",2459,16213,"CD","Lajemmerais"
"45",2460,14122,"CD","L'Assomption"
"46",2461,14113,"CD","Joliette"
"47",2462,14111,"CD","Matawinie"
"48",2463,14112,"CD","Montcalm"
"49",2464,14121,"CD","Les Moulins"
"50",2468,16343,"CD","Les Jardins-de-Napierville"
"51",2469,16331,"CD","Haut-Saint-Laurent"
"52",2471,16311,"CD","Vaudreuil-Soulanges"
"53",2472,15151,"CD","Deux-Montagnes - Mirabel"
"54",2473,15171,"CD","Thérèse-De Blainville"
"55",2475,15161,"CD","La Rivière-du-Nord - Mirabel"
"56",2476,15141,"CD","Argenteuil"
"57",2477,15131,"CD","Les Pays-d'en-Haut"
"58",2478,15121,"CD","Les Laurentides"
"59",2479,15111,"CD","Antoine-Labelle"
"60",2483,7121,"CD","Des Forestiers"
"61",2484,7111,"CD","Pontiac"
"62",2486,8131,"CD","Rouyn-Noranda"
"63",2487,8111,"CD","Abitibi-Ouest"
"64",2488,8121,"CD","Abitibi"
"65",2489,8141,"CD","Vallée-de-l'Or"
"66",2490,4111,"CD","Haut-Saint-Maurice"
"67",2491,2111,"CD","Domaine-du-Roy"
"68",2492,2121,"CD","Maria-Chapdelaine"
"69",2496,9123,"CD","Manicouagan"
"70",2402010,11141,"CSD","Pabok"
"71",2402015,11141,"CSD","Pabok"
"72",2402028,11141,"CSD","Pabok"
"73",2402047,11141,"CSD","Pabok"
"74",2402902,11141,"CSD","Pabok"
"75",2403005,11132,"CSD","Gaspé"
"76",2403010,11131,"CSD","Grande-Vallée"
"77",2403015,11131,"CSD","Grande-Vallée"
"78",2403020,11131,"CSD","Grande-Vallée"
"79",2403025,11133,"CSD","Murdochville"
"80",2403902,11132,"CSD","Gaspé"
"81",2403904,11132,"CSD","Gaspé"
"82",2404005,11131,"CSD","Grande-Vallée"
"83",2404010,11121,"CSD","Denis-Riverin"
"84",2404015,11121,"CSD","Denis-Riverin"
"85",2404020,11121,"CSD","Denis-Riverin"
"86",2404025,11121,"CSD","Denis-Riverin"
"87",2404030,11121,"CSD","Denis-Riverin"
"88",2404037,11121,"CSD","Denis-Riverin"
"89",2404047,11121,"CSD","Denis-Riverin"
"90",2404902,11121,"CSD","Denis-Riverin"
"91",2404904,11121,"CSD","Denis-Riverin"
"92",2422005,3131,"CSD","Loretteville - Val-Bélair"
"93",2422010,3131,"CSD","Loretteville - Val-Bélair"
"94",2422015,3131,"CSD","Loretteville - Val-Bélair"
"95",2422020,3131,"CSD","Loretteville - Val-Bélair"
"96",2422025,3131,"CSD","Loretteville - Val-Bélair"
"97",2422030,3132,"CSD","Charlesbourg"
"98",2422035,3132,"CSD","Charlesbourg"
"99",2422040,3132,"CSD","Charlesbourg"
"100",2422045,3133,"CSD","Beauport"
"101",2422902,3132,"CSD","Charlesbourg"
"102",2423015,3125,"CSD","Québec - Basse-Ville"
"103",2423057,3121,"CSD","Laurentien"
"104",2423072,3121,"CSD","Laurentien"
"105",2423802,3131,"CSD","Loretteville - Val-Bélair"
"106",2426005,12115,"CSD","La Nouvelle-Beauce"
"107",2426010,12115,"CSD","La Nouvelle-Beauce"
"108",2426015,12115,"CSD","La Nouvelle-Beauce"
"109",2426022,12115,"CSD","La Nouvelle-Beauce"
"110",2426030,12115,"CSD","La Nouvelle-Beauce"
"111",2426035,12115,"CSD","La Nouvelle-Beauce"
"112",2426040,12115,"CSD","La Nouvelle-Beauce"
"113",2426048,12115,"CSD","La Nouvelle-Beauce"
"114",2426055,12115,"CSD","La Nouvelle-Beauce"
"115",2426063,12115,"CSD","La Nouvelle-Beauce"
"116",2426070,12112,"CSD","Les Chutes-de-la-Chaudière"
"117",2437205,4122,"CSD","Des Chenaux"
"118",2437210,4122,"CSD","Des Chenaux"
"119",2437215,4122,"CSD","Des Chenaux"
"120",2437220,4122,"CSD","Des Chenaux"
"121",2437225,4122,"CSD","Des Chenaux"
"122",2437230,4122,"CSD","Des Chenaux"
"123",2437235,4141,"CSD","Centre-de-la-Mauricie"
"124",2437240,4122,"CSD","Des Chenaux"
"125",2437245,4122,"CSD","Des Chenaux"
"126",2437250,4122,"CSD","Des Chenaux"
"127",2446005,5111,"CSD","Cowansville-Farnham-Bedford"
"128",2446010,5111,"CSD","Cowansville-Farnham-Bedford"
"129",2446017,5111,"CSD","Cowansville-Farnham-Bedford"
"130",2446025,5111,"CSD","Cowansville-Farnham-Bedford"
"131",2446030,5111,"CSD","Cowansville-Farnham-Bedford"
"132",2446035,5111,"CSD","Cowansville-Farnham-Bedford"
"133",2446040,5111,"CSD","Cowansville-Farnham-Bedford"
"134",2446045,5111,"CSD","Cowansville-Farnham-Bedford"
"135",2446050,5111,"CSD","Cowansville-Farnham-Bedford"
"136",2446058,5111,"CSD","Cowansville-Farnham-Bedford"
"137",2446065,5111,"CSD","Cowansville-Farnham-Bedford"
"138",2446070,5111,"CSD","Cowansville-Farnham-Bedford"
"139",2446075,5111,"CSD","Cowansville-Farnham-Bedford"
"140",2446078,5121,"CSD","Granby-Shefford-Bromont"
"141",2446080,5111,"CSD","Cowansville-Farnham-Bedford"
"142",2446085,5111,"CSD","Cowansville-Farnham-Bedford"
"143",2446090,5111,"CSD","Cowansville-Farnham-Bedford"
"144",2446095,5111,"CSD","Cowansville-Farnham-Bedford"
"145",2446100,5111,"CSD","Cowansville-Farnham-Bedford"
"146",2446105,5111,"CSD","Cowansville-Farnham-Bedford"
"147",2446112,5111,"CSD","Cowansville-Farnham-Bedford"
"148",2451008,4131,"CSD","Maskinongé"
"149",2451015,4131,"CSD","Maskinongé"
"150",2451020,4131,"CSD","Maskinongé"
"151",2451025,4131,"CSD","Maskinongé"
"152",2451030,4131,"CSD","Maskinongé"
"153",2451035,4131,"CSD","Maskinongé"
"154",2451040,4131,"CSD","Maskinongé"
"155",2451045,4131,"CSD","Maskinongé"
"156",2451050,4131,"CSD","Maskinongé"
"157",2451055,4131,"CSD","Maskinongé"
"158",2451060,4131,"CSD","Maskinongé"
"159",2451065,4131,"CSD","Maskinongé"
"160",2451070,4141,"CSD","Centre-de-la-Mauricie"
"161",2451075,4141,"CSD","Centre-de-la-Mauricie"
"162",2451080,4141,"CSD","Centre-de-la-Mauricie"
"163",2451085,4141,"CSD","Centre-de-la-Mauricie"
"164",2451090,4151,"CSD","Trois-Rivières"
"165",2455008,5111,"CSD","Cowansville-Farnham-Bedford"
"166",2455015,5121,"CSD","Granby-Shefford-Bromont"
"167",2455023,16121,"CSD","Chambly-Carignan-Marieville"
"168",2455030,16121,"CSD","Chambly-Carignan-Marieville"
"169",2455037,16121,"CSD","Chambly-Carignan-Marieville"
"170",2455048,16121,"CSD","Chambly-Carignan-Marieville"
"171",2455057,16121,"CSD","Chambly-Carignan-Marieville"
"172",2455065,16121,"CSD","Chambly-Carignan-Marieville"
"173",2456005,16122,"CSD","Saint-Jean-sur-Richelieu - Saint-Luc"
"174",2456010,16122,"CSD","Saint-Jean-sur-Richelieu - Saint-Luc"
"175",2456015,16122,"CSD","Saint-Jean-sur-Richelieu - Saint-Luc"
"176",2456023,16122,"CSD","Saint-Jean-sur-Richelieu - Saint-Luc"
"177",2456030,16122,"CSD","Saint-Jean-sur-Richelieu - Saint-Luc"
"178",2456035,16122,"CSD","Saint-Jean-sur-Richelieu - Saint-Luc"
"179",2456042,16122,"CSD","Saint-Jean-sur-Richelieu - Saint-Luc"
"180",2456050,16122,"CSD","Saint-Jean-sur-Richelieu - Saint-Luc"
"181",2456055,16122,"CSD","Saint-Jean-sur-Richelieu - Saint-Luc"
"182",2456060,16122,"CSD","Saint-Jean-sur-Richelieu - Saint-Luc"
"183",2456065,16122,"CSD","Saint-Jean-sur-Richelieu - Saint-Luc"
"184",2456083,16122,"CSD","Saint-Jean-sur-Richelieu - Saint-Luc"
"185",2456097,16122,"CSD","Saint-Jean-sur-Richelieu - Saint-Luc"
"186",2456105,5111,"CSD","Cowansville-Farnham-Bedford"
"187",2457005,16121,"CSD","Chambly-Carignan-Marieville"
"188",2457010,16121,"CSD","Chambly-Carignan-Marieville"
"189",2457020,16221,"CSD","Saint-Bruno - Beloeil - Saint-Hilaire"
"190",2457025,16221,"CSD","Saint-Bruno - Beloeil - Saint-Hilaire"
"191",2457030,16221,"CSD","Saint-Bruno - Beloeil - Saint-Hilaire"
"192",2457033,16221,"CSD","Saint-Bruno - Beloeil - Saint-Hilaire"
"193",2457035,16221,"CSD","Saint-Bruno - Beloeil - Saint-Hilaire"
"194",2457040,16221,"CSD","Saint-Bruno - Beloeil - Saint-Hilaire"
"195",2457045,16221,"CSD","Saint-Bruno - Beloeil - Saint-Hilaire"
"196",2457050,16221,"CSD","Saint-Bruno - Beloeil - Saint-Hilaire"
"197",2457057,16221,"CSD","Saint-Bruno - Beloeil - Saint-Hilaire"
"198",2457068,16221,"CSD","Saint-Bruno - Beloeil - Saint-Hilaire"
"199",2457075,16221,"CSD","Saint-Bruno - Beloeil - Saint-Hilaire"
"200",2458007,16111,"CSD","Brossard - Saint-Lambert"
"201",2458012,16111,"CSD","Brossard - Saint-Lambert"
"202",2458033,16213,"CSD","Lajemmerais"
"203",2458037,16221,"CSD","Saint-Bruno - Beloeil - Saint-Hilaire"
"204",2466007,6523,"CSD","Pointe-aux-Trembles"
"205",2466032,6225,"CSD","Métro"
"206",2466047,6212,"CSD","Notre-Dame-de-Grâce - Montréal-Ouest"
"207",2466058,6211,"CSD","Côte-Saint-Luc"
"208",2466062,6211,"CSD","Côte-Saint-Luc"
"209",2466072,6222,"CSD","Mont-Royal"
"210",2466087,6121,"CSD","Lachine"
"211",2466092,6121,"CSD","Lachine"
"212",2466097,6111,"CSD","Lac Saint-Louis"
"213",2466102,6111,"CSD","Lac Saint-Louis"
"214",2466107,6111,"CSD","Lac Saint-Louis"
"215",2466112,6111,"CSD","Lac Saint-Louis"
"216",2466117,6111,"CSD","Lac Saint-Louis"
"217",2466127,6111,"CSD","Lac Saint-Louis"
"218",2466142,6113,"CSD","Dollard-des-Ormeaux"
"219",2467005,16342,"CSD","Saint-Constant - La Prairie"
"220",2467010,16342,"CSD","Saint-Constant - La Prairie"
"221",2467015,16342,"CSD","Saint-Constant - La Prairie"
"222",2467020,16342,"CSD","Saint-Constant - La Prairie"
"223",2467025,16342,"CSD","Saint-Constant - La Prairie"
"224",2467030,16342,"CSD","Saint-Constant - La Prairie"
"225",2467035,16342,"CSD","Saint-Constant - La Prairie"
"226",2467040,16341,"CSD","Châteauguay-Mercier"
"227",2467045,16341,"CSD","Châteauguay-Mercier"
"228",2467050,16341,"CSD","Châteauguay-Mercier"
"229",2467055,16341,"CSD","Châteauguay-Mercier"
"230",2467802,16341,"CSD","Châteauguay-Mercier"
"231",2470005,16341,"CSD","Châteauguay-Mercier"
"232",2470012,16341,"CSD","Châteauguay-Mercier"
"233",2470022,16321,"CSD","Valleyfield-Beauharnois"
"234",2470030,16321,"CSD","Valleyfield-Beauharnois"
"235",2470035,16321,"CSD","Valleyfield-Beauharnois"
"236",2470040,16321,"CSD","Valleyfield-Beauharnois"
"237",2470052,16321,"CSD","Valleyfield-Beauharnois"
"238",2480005,7152,"CSD","Petite-Nation"
"239",2480010,7152,"CSD","Petite-Nation"
"240",2480015,7152,"CSD","Petite-Nation"
"241",2480020,7152,"CSD","Petite-Nation"
"242",2480027,7152,"CSD","Petite-Nation"
"243",2480037,7152,"CSD","Petite-Nation"
"244",2480045,7152,"CSD","Petite-Nation"
"245",2480050,7151,"CSD","Vallée-de-la-Lièvre"
"246",2480055,7151,"CSD","Vallée-de-la-Lièvre"
"247",2480060,7151,"CSD","Vallée-de-la-Lièvre"
"248",2480065,7151,"CSD","Vallée-de-la-Lièvre"
"249",2480070,7152,"CSD","Petite-Nation"
"250",2480078,7152,"CSD","Petite-Nation"
"251",2480085,7151,"CSD","Vallée-de-la-Lièvre"
"252",2480090,7152,"CSD","Petite-Nation"
"253",2480095,7152,"CSD","Petite-Nation"
"254",2480103,7152,"CSD","Petite-Nation"
"255",2480110,7152,"CSD","Petite-Nation"
"256",2480115,7152,"CSD","Petite-Nation"
"257",2480125,7152,"CSD","Petite-Nation"
"258",2480130,7152,"CSD","Petite-Nation"
"259",2480135,7152,"CSD","Petite-Nation"
"260",2480140,7151,"CSD","Vallée-de-la-Lièvre"
"261",2480145,7151,"CSD","Vallée-de-la-Lièvre"
"262",2482005,7151,"CSD","Vallée-de-la-Lièvre"
"263",2482010,7151,"CSD","Vallée-de-la-Lièvre"
"264",2482020,7131,"CSD","Les Collines-de-l'Outaouais"
"265",2482025,7131,"CSD","Les Collines-de-l'Outaouais"
"266",2482030,7111,"CSD","Pontiac"
"267",2482035,7131,"CSD","Les Collines-de-l'Outaouais"
"268",2485005,8152,"CSD","Témiscaming"
"269",2485010,8152,"CSD","Témiscaming"
"270",2485015,8151,"CSD","Ville-Marie"
"271",2485020,8151,"CSD","Ville-Marie"
"272",2485025,8151,"CSD","Ville-Marie"
"273",2485030,8151,"CSD","Ville-Marie"
"274",2485037,8151,"CSD","Ville-Marie"
"275",2485045,8151,"CSD","Ville-Marie"
"276",2485050,8151,"CSD","Ville-Marie"
"277",2485055,8151,"CSD","Ville-Marie"
"278",2485060,8151,"CSD","Ville-Marie"
"279",2485065,8151,"CSD","Ville-Marie"
"280",2485070,8151,"CSD","Ville-Marie"
"281",2485075,8151,"CSD","Ville-Marie"
"282",2485080,8151,"CSD","Ville-Marie"
"283",2485085,8151,"CSD","Ville-Marie"
"284",2485090,8151,"CSD","Ville-Marie"
"285",2485095,8151,"CSD","Ville-Marie"
"286",2485100,8151,"CSD","Ville-Marie"
"287",2485105,8151,"CSD","Ville-Marie"
"288",2485802,8152,"CSD","Témiscaming"
"289",2485803,8151,"CSD","Ville-Marie"
"290",2485804,8151,"CSD","Ville-Marie"
"291",2485806,8151,"CSD","Ville-Marie"
"292",2485905,8151,"CSD","Ville-Marie"
"293",2485907,8151,"CSD","Ville-Marie"
"294",2493005,2131,"CSD","Lac-Saint-Jean-Est"
"295",2493012,2131,"CSD","Lac-Saint-Jean-Est"
"296",2493020,2131,"CSD","Lac-Saint-Jean-Est"
"297",2493025,2131,"CSD","Lac-Saint-Jean-Est"
"298",2493030,2131,"CSD","Lac-Saint-Jean-Est"
"299",2493035,2131,"CSD","Lac-Saint-Jean-Est"
"300",2493042,2131,"CSD","Lac-Saint-Jean-Est"
"301",2493045,2131,"CSD","Lac-Saint-Jean-Est"
"302",2493055,2131,"CSD","Lac-Saint-Jean-Est"
"303",2493060,2131,"CSD","Lac-Saint-Jean-Est"
"304",2493065,2131,"CSD","Lac-Saint-Jean-Est"
"305",2493070,2131,"CSD","Lac-Saint-Jean-Est"
"306",2493075,2131,"CSD","Lac-Saint-Jean-Est"
"307",2493080,2121,"CSD","Maria-Chapdelaine"
"308",2493902,2131,"CSD","Lac-Saint-Jean-Est"
"309",2493904,2131,"CSD","Lac-Saint-Jean-Est"
"310",2493906,2131,"CSD","Lac-Saint-Jean-Est"
"311",2493908,2131,"CSD","Lac-Saint-Jean-Est"
"312",2494205,2161,"CSD","Fjord"
"313",2494210,2161,"CSD","Fjord"
"314",2494215,2161,"CSD","Fjord"
"315",2494220,2161,"CSD","Fjord"
"316",2494225,2161,"CSD","Fjord"
"317",2494230,2151,"CSD","Saguenay"
"318",2494235,2151,"CSD","Saguenay"
"319",2494240,2151,"CSD","Saguenay"
"320",2494245,2151,"CSD","Saguenay"
"321",2494250,2141,"CSD","Jonquière"
"322",2494255,2141,"CSD","Jonquière"
"323",2494260,2141,"CSD","Jonquière"
"324",2494265,2141,"CSD","Jonquière"
"325",2494926,2161,"CSD","Fjord"
"326",2494928,2141,"CSD","Jonquière"
"327",2494930,2151,"CSD","Saguenay"
"328",2495005,9121,"CSD","Les Escoumins"
"329",2495010,9121,"CSD","Les Escoumins"
"330",2495018,9121,"CSD","Les Escoumins"
"331",2495025,9121,"CSD","Les Escoumins"
"332",2495032,9122,"CSD","Forestville"
"333",2495040,9122,"CSD","Forestville"
"334",2495045,9122,"CSD","Forestville"
"335",2495050,9122,"CSD","Forestville"
"336",2495802,9121,"CSD","Les Escoumins"
"337",2495902,9122,"CSD","Forestville"
"338",2497022,9131,"CSD","Port-Cartier"
"339",2497035,9111,"CSD","Caniapiscau"
"340",2497040,9111,"CSD","Caniapiscau"
"341",2497802,9141,"CSD","Sept-Îles"
"342",2497804,9141,"CSD","Sept-Îles"
"343",2497806,9171,"CSD","Territoire Naskapi"
"344",2497808,9111,"CSD","Caniapiscau"
"345",2497810,9111,"CSD","Caniapiscau"
"346",2497902,9131,"CSD","Port-Cartier"
"347",2497904,9131,"CSD","Port-Cartier"
"348",2497906,9111,"CSD","Caniapiscau"
"349",2497908,9111,"CSD","Caniapiscau"
"350",2497912,9111,"CSD","Caniapiscau"
"351",2497914,9111,"CSD","Caniapiscau"
"352",2498005,9161,"CSD","Basse Côte-Nord"
"353",2498010,9161,"CSD","Basse Côte-Nord"
"354",2498012,9161,"CSD","Basse Côte-Nord"
"355",2498014,9161,"CSD","Basse Côte-Nord"
"356",2498015,9161,"CSD","Basse Côte-Nord"
"357",2498020,9151,"CSD","Minganie"
"358",2498025,9151,"CSD","Minganie"
"359",2498030,9151,"CSD","Minganie"
"360",2498035,9151,"CSD","Minganie"
"361",2498040,9151,"CSD","Minganie"
"362",2498045,9151,"CSD","Minganie"
"363",2498050,9151,"CSD","Minganie"
"364",2498055,9151,"CSD","Minganie"
"365",2498802,9161,"CSD","Basse Côte-Nord"
"366",2498804,9161,"CSD","Basse Côte-Nord"
"367",2498806,9151,"CSD","Minganie"
"368",2498808,9151,"CSD","Minganie"
"369",2498904,9151,"CSD","Minganie"
"370",2498912,9151,"CSD","Minganie"
"371",2499005,10013,"CSD","Lebel-sur-Quévillon"
"372",2499010,18011,"CSD","Territoire Cri"
"373",2499015,10012,"CSD","Matagami"
"374",2499020,10014,"CSD","Chibougamau-Chapais"
"375",2499025,10014,"CSD","Chibougamau-Chapais"
"376",2499030,18011,"CSD","Territoire Cri"
"377",2499035,18011,"CSD","Territoire Cri"
"378",2499040,18011,"CSD","Territoire Cri"
"379",2499045,18011,"CSD","Territoire Cri"
"380",2499050,18011,"CSD","Territoire Cri"
"381",2499055,18011,"CSD","Territoire Cri"
"382",2499060,10011,"CSD","Baie-James"
"383",2499065,9171,"CSD","Territoire Naskapi"
"384",2499070,18011,"CSD","Territoire Cri"
"385",2499075,17011,"CSD","Baie D'Hudson"
"386",2499080,17011,"CSD","Baie D'Hudson"
"387",2499085,17011,"CSD","Baie D'Hudson"
"388",2499090,17012,"CSD","Ungava"
"389",2499095,17012,"CSD","Ungava"
"390",2499100,17012,"CSD","Ungava"
"391",2499105,17012,"CSD","Ungava"
"392",2499110,17012,"CSD","Ungava"
"393",2499115,17012,"CSD","Ungava"
"394",2499120,17011,"CSD","Baie D'Hudson"
"395",2499125,17011,"CSD","Baie D'Hudson"
"396",2499130,17012,"CSD","Ungava"
"397",2499135,17011,"CSD","Baie D'Hudson"
"398",2499140,17011,"CSD","Baie D'Hudson"
"399",2499804,18011,"CSD","Territoire Cri"
"400",2499806,18011,"CSD","Territoire Cri"
"401",2499808,18011,"CSD","Territoire Cri"
"402",2499810,18011,"CSD","Territoire Cri"
"403",2499812,18011,"CSD","Territoire Cri"
"404",2499814,18011,"CSD","Territoire Cri"
"405",2499816,18011,"CSD","Territoire Cri"
"406",2499818,18011,"CSD","Territoire Cri"
"407",2499877,17011,"CSD","Baie D'Hudson"
"408",2499878,17011,"CSD","Baie D'Hudson"
"409",2499879,17011,"CSD","Baie D'Hudson"
"410",2499883,17011,"CSD","Baie D'Hudson"
"411",2499887,17011,"CSD","Baie D'Hudson"
"412",2499888,17012,"CSD","Ungava"
"413",2499889,17012,"CSD","Ungava"
"414",2499890,17012,"CSD","Ungava"
"415",2499891,17012,"CSD","Ungava"
"416",2499892,17012,"CSD","Ungava"
"417",2499893,17012,"CSD","Ungava"
"418",2499894,17012,"CSD","Ungava"
"419",2499895,17011,"CSD","Baie D'Hudson"
"420",2499902,17012,"CSD","Ungava"
"421",2499904,17011,"CSD","Baie D'Hudson"
"422",4080001,2151,"CT","Saguenay"
"423",4080002.01,2151,"CT","Saguenay"
"424",4080002.02,2151,"CT","Saguenay"
"425",4080003.01,2151,"CT","Saguenay"
"426",4080003.02,2151,"CT","Saguenay"
"427",4080004,2151,"CT","Saguenay"
"428",4080005,2151,"CT","Saguenay"
"429",4080006,2151,"CT","Saguenay"
"430",4080007,2151,"CT","Saguenay"
"431",4080008,2151,"CT","Saguenay"
"432",4080100,2141,"CT","Jonquière"
"433",4080101,2141,"CT","Jonquière"
"434",4080102,2141,"CT","Jonquière"
"435",4080103,2141,"CT","Jonquière"
"436",4080104,2141,"CT","Jonquière"
"437",4080105,2141,"CT","Jonquière"
"438",4080106,2141,"CT","Jonquière"
"439",4080107.02,2141,"CT","Jonquière"
"440",4080107.03,2141,"CT","Jonquière"
"441",4080107.04,2141,"CT","Jonquière"
"442",4080108,2141,"CT","Jonquière"
"443",4080109,2141,"CT","Jonquière"
"444",4080110,2141,"CT","Jonquière"
"445",4080111.04,2141,"CT","Jonquière"
"446",4080120.01,2141,"CT","Jonquière"
"447",4080120.04,2151,"CT","Saguenay"
"448",4080120.05,2151,"CT","Saguenay"
"449",4080130,2151,"CT","Saguenay"
"450",4080131,2151,"CT","Saguenay"
"451",4080132,2151,"CT","Saguenay"
"452",4080133,2151,"CT","Saguenay"
"453",4080140,2151,"CT","Saguenay"
"454",4080150,2151,"CT","Saguenay"
"455",4080160,2161,"CT","Fjord"
"456",4080161,2161,"CT","Fjord"
"457",4080162,2161,"CT","Fjord"
"458",4080163,2161,"CT","Fjord"
"459",4210001.01,3124,"CT","Québec - Haute-Ville"
"460",4210001.02,3124,"CT","Québec - Haute-Ville"
"461",4210002,3125,"CT","Québec - Basse-Ville"
"462",4210003,3124,"CT","Québec - Haute-Ville"
"463",4210004,3125,"CT","Québec - Basse-Ville"
"464",4210005,3124,"CT","Québec - Haute-Ville"
"465",4210006,3124,"CT","Québec - Haute-Ville"
"466",4210007,3125,"CT","Québec - Basse-Ville"
"467",4210008,3125,"CT","Québec - Basse-Ville"
"468",4210009,3125,"CT","Québec - Basse-Ville"
"469",4210010,3125,"CT","Québec - Basse-Ville"
"470",4210011,3125,"CT","Québec - Basse-Ville"
"471",4210012,3125,"CT","Québec - Basse-Ville"
"472",4210013,3125,"CT","Québec - Basse-Ville"
"473",4210014,3124,"CT","Québec - Haute-Ville"
"474",4210015,3124,"CT","Québec - Haute-Ville"
"475",4210016,3124,"CT","Québec - Haute-Ville"
"476",4210017,3124,"CT","Québec - Haute-Ville"
"477",4210018,3124,"CT","Québec - Haute-Ville"
"478",4210019,3124,"CT","Québec - Haute-Ville"
"479",4210020,3125,"CT","Québec - Basse-Ville"
"480",4210021,3125,"CT","Québec - Basse-Ville"
"481",4210022,3125,"CT","Québec - Basse-Ville"
"482",4210023,3125,"CT","Québec - Basse-Ville"
"483",4210024,3125,"CT","Québec - Basse-Ville"
"484",4210025,3125,"CT","Québec - Basse-Ville"
"485",4210026,3126,"CT","Limoilou-Vanier"
"486",4210027,3126,"CT","Limoilou-Vanier"
"487",4210028,3126,"CT","Limoilou-Vanier"
"488",4210029,3126,"CT","Limoilou-Vanier"
"489",4210030,3126,"CT","Limoilou-Vanier"
"490",4210031,3126,"CT","Limoilou-Vanier"
"491",4210033.01,3126,"CT","Limoilou-Vanier"
"492",4210033.02,3126,"CT","Limoilou-Vanier"
"493",4210034,3126,"CT","Limoilou-Vanier"
"494",4210035,3126,"CT","Limoilou-Vanier"
"495",4210036,3126,"CT","Limoilou-Vanier"
"496",4210037,3126,"CT","Limoilou-Vanier"
"497",4210038.01,3126,"CT","Limoilou-Vanier"
"498",4210038.02,3126,"CT","Limoilou-Vanier"
"499",4210039.02,3122,"CT","Duberger-Les Saules-Lebourgneuf"
"500",4210040.01,3122,"CT","Duberger-Les Saules-Lebourgneuf"
"501",4210040.03,3122,"CT","Duberger-Les Saules-Lebourgneuf"
"502",4210041.02,3122,"CT","Duberger-Les Saules-Lebourgneuf"
"503",4210041.03,3131,"CT","Loretteville - Val-Bélair"
"504",4210041.04,3131,"CT","Loretteville - Val-Bélair"
"505",4210041.05,3131,"CT","Loretteville - Val-Bélair"
"506",4210041.06,3131,"CT","Loretteville - Val-Bélair"
"507",4210041.07,3131,"CT","Loretteville - Val-Bélair"
"508",4210041.08,3131,"CT","Loretteville - Val-Bélair"
"509",4210100,3123,"CT","Sainte-Foy - Sillery"
"510",4210101,3123,"CT","Sainte-Foy - Sillery"
"511",4210102,3123,"CT","Sainte-Foy - Sillery"
"512",4210103,3123,"CT","Sainte-Foy - Sillery"
"513",4210110,3123,"CT","Sainte-Foy - Sillery"
"514",4210111,3123,"CT","Sainte-Foy - Sillery"
"515",4210112.01,3123,"CT","Sainte-Foy - Sillery"
"516",4210112.02,3123,"CT","Sainte-Foy - Sillery"
"517",4210113.01,3123,"CT","Sainte-Foy - Sillery"
"518",4210113.02,3123,"CT","Sainte-Foy - Sillery"
"519",4210114,3123,"CT","Sainte-Foy - Sillery"
"520",4210115,3123,"CT","Sainte-Foy - Sillery"
"521",4210116,3123,"CT","Sainte-Foy - Sillery"
"522",4210117.01,3123,"CT","Sainte-Foy - Sillery"
"523",4210117.02,3123,"CT","Sainte-Foy - Sillery"
"524",4210118,3123,"CT","Sainte-Foy - Sillery"
"525",4210119.02,3121,"CT","Laurentien"
"526",4210119.04,3121,"CT","Laurentien"
"527",4210120.01,3121,"CT","Laurentien"
"528",4210120.02,3121,"CT","Laurentien"
"529",4210120.03,3121,"CT","Laurentien"
"530",4210160.01,3131,"CT","Loretteville - Val-Bélair"
"531",4210160.03,3131,"CT","Loretteville - Val-Bélair"
"532",4210160.05,3131,"CT","Loretteville - Val-Bélair"
"533",4210170.03,3131,"CT","Loretteville - Val-Bélair"
"534",4210170.04,3131,"CT","Loretteville - Val-Bélair"
"535",4210170.05,3131,"CT","Loretteville - Val-Bélair"
"536",4210170.06,3131,"CT","Loretteville - Val-Bélair"
"537",4210170.07,3131,"CT","Loretteville - Val-Bélair"
"538",4210210.01,3132,"CT","Charlesbourg"
"539",4210210.02,3132,"CT","Charlesbourg"
"540",4210220.01,3132,"CT","Charlesbourg"
"541",4210220.02,3132,"CT","Charlesbourg"
"542",4210230.01,3131,"CT","Loretteville - Val-Bélair"
"543",4210230.02,3131,"CT","Loretteville - Val-Bélair"
"544",4210240.02,3122,"CT","Duberger-Les Saules-Lebourgneuf"
"545",4210260.01,3126,"CT","Limoilou-Vanier"
"546",4210260.02,3126,"CT","Limoilou-Vanier"
"547",4210260.03,3126,"CT","Limoilou-Vanier"
"548",4210270.03,3132,"CT","Charlesbourg"
"549",4210270.04,3132,"CT","Charlesbourg"
"550",4210271.01,3132,"CT","Charlesbourg"
"551",4210271.02,3132,"CT","Charlesbourg"
"552",4210272,3132,"CT","Charlesbourg"
"553",4210273.01,3132,"CT","Charlesbourg"
"554",4210273.02,3132,"CT","Charlesbourg"
"555",4210273.03,3132,"CT","Charlesbourg"
"556",4210273.04,3132,"CT","Charlesbourg"
"557",4210280.01,3132,"CT","Charlesbourg"
"558",4210280.02,3132,"CT","Charlesbourg"
"559",4210280.03,3132,"CT","Charlesbourg"
"560",4210290.01,3132,"CT","Charlesbourg"
"561",4210290.03,3132,"CT","Charlesbourg"
"562",4210290.04,3132,"CT","Charlesbourg"
"563",4210300,3133,"CT","Beauport"
"564",4210310,3133,"CT","Beauport"
"565",4210311.01,3133,"CT","Beauport"
"566",4210311.02,3133,"CT","Beauport"
"567",4210320.01,3133,"CT","Beauport"
"568",4210320.02,3133,"CT","Beauport"
"569",4210320.03,3133,"CT","Beauport"
"570",4210320.04,3133,"CT","Beauport"
"571",4210320.05,3133,"CT","Beauport"
"572",4210320.07,3133,"CT","Beauport"
"573",4210320.08,3133,"CT","Beauport"
"574",4210330,3133,"CT","Beauport"
"575",4210340.01,3133,"CT","Beauport"
"576",4210340.02,3133,"CT","Beauport"
"577",4210340.03,3133,"CT","Beauport"
"578",4210360.01,3133,"CT","Beauport"
"579",4210360.02,3133,"CT","Beauport"
"580",4210800.01,12113,"CT","Desjardins"
"581",4210800.02,12113,"CT","Desjardins"
"582",4210801,12113,"CT","Desjardins"
"583",4210802,12113,"CT","Desjardins"
"584",4210810,12113,"CT","Desjardins"
"585",4210811,12113,"CT","Desjardins"
"586",4210812,12113,"CT","Desjardins"
"587",4210820.01,12113,"CT","Desjardins"
"588",4210820.03,12113,"CT","Desjardins"
"589",4210825,12113,"CT","Desjardins"
"590",4210830.01,12112,"CT","Les Chutes-de-la-Chaudière"
"591",4210830.02,12112,"CT","Les Chutes-de-la-Chaudière"
"592",4210835.03,12112,"CT","Les Chutes-de-la-Chaudière"
"593",4210835.04,12112,"CT","Les Chutes-de-la-Chaudière"
"594",4210835.05,12112,"CT","Les Chutes-de-la-Chaudière"
"595",4210835.06,12112,"CT","Les Chutes-de-la-Chaudière"
"596",4210835.07,12112,"CT","Les Chutes-de-la-Chaudière"
"597",4210840.01,12112,"CT","Les Chutes-de-la-Chaudière"
"598",4210840.02,12112,"CT","Les Chutes-de-la-Chaudière"
"599",4210845.03,12112,"CT","Les Chutes-de-la-Chaudière"
"600",4210845.04,12112,"CT","Les Chutes-de-la-Chaudière"
"601",4210845.06,12112,"CT","Les Chutes-de-la-Chaudière"
"602",4210846.02,12112,"CT","Les Chutes-de-la-Chaudière"
"603",4210846.03,12112,"CT","Les Chutes-de-la-Chaudière"
"604",4210846.04,12112,"CT","Les Chutes-de-la-Chaudière"
"605",4210850.02,12112,"CT","Les Chutes-de-la-Chaudière"
"606",4210850.03,12112,"CT","Les Chutes-de-la-Chaudière"
"607",4210850.04,12112,"CT","Les Chutes-de-la-Chaudière"
"608",4210850.05,12112,"CT","Les Chutes-de-la-Chaudière"
"609",4420001,4151,"CT","Trois-Rivières"
"610",4420002,4151,"CT","Trois-Rivières"
"611",4420003,4151,"CT","Trois-Rivières"
"612",4420004,4151,"CT","Trois-Rivières"
"613",4420005,4151,"CT","Trois-Rivières"
"614",4420006,4151,"CT","Trois-Rivières"
"615",4420007,4151,"CT","Trois-Rivières"
"616",4420008,4151,"CT","Trois-Rivières"
"617",4420009,4151,"CT","Trois-Rivières"
"618",4420010,4151,"CT","Trois-Rivières"
"619",4420011,4151,"CT","Trois-Rivières"
"620",4420012.01,4151,"CT","Trois-Rivières"
"621",4420012.02,4151,"CT","Trois-Rivières"
"622",4420013.01,4151,"CT","Trois-Rivières"
"623",4420013.02,4151,"CT","Trois-Rivières"
"624",4420013.03,4151,"CT","Trois-Rivières"
"625",4420100.01,4151,"CT","Trois-Rivières"
"626",4420100.02,4151,"CT","Trois-Rivières"
"627",4420101.02,4151,"CT","Trois-Rivières"
"628",4420101.03,4151,"CT","Trois-Rivières"
"629",4420101.04,4151,"CT","Trois-Rivières"
"630",4420102,4151,"CT","Trois-Rivières"
"631",4420200,4152,"CT","Cap-de-la-Madeleine"
"632",4420201,4152,"CT","Cap-de-la-Madeleine"
"633",4420202,4152,"CT","Cap-de-la-Madeleine"
"634",4420203,4152,"CT","Cap-de-la-Madeleine"
"635",4420204,4152,"CT","Cap-de-la-Madeleine"
"636",4420205.01,4152,"CT","Cap-de-la-Madeleine"
"637",4420205.02,4152,"CT","Cap-de-la-Madeleine"
"638",4420205.03,4152,"CT","Cap-de-la-Madeleine"
"639",4420210,4152,"CT","Cap-de-la-Madeleine"
"640",4420211,4152,"CT","Cap-de-la-Madeleine"
"641",4620001,6524,"CT","Mercier-Est"
"642",4620002,6524,"CT","Mercier-Est"
"643",4620003,6524,"CT","Mercier-Est"
"644",4620004,6524,"CT","Mercier-Est"
"645",4620005,6524,"CT","Mercier-Est"
"646",4620006,6524,"CT","Mercier-Est"
"647",4620007,6524,"CT","Mercier-Est"
"648",4620008,6524,"CT","Mercier-Est"
"649",4620009,6532,"CT","Mercier-Ouest"
"650",4620010,6532,"CT","Mercier-Ouest"
"651",4620011,6532,"CT","Mercier-Ouest"
"652",4620012.01,6532,"CT","Mercier-Ouest"
"653",4620012.02,6532,"CT","Mercier-Ouest"
"654",4620013,6532,"CT","Mercier-Ouest"
"655",4620014.01,6533,"CT","Hochelaga-Maisonneuve"
"656",4620014.02,6533,"CT","Hochelaga-Maisonneuve"
"657",4620015,6533,"CT","Hochelaga-Maisonneuve"
"658",4620016,6533,"CT","Hochelaga-Maisonneuve"
"659",4620017,6533,"CT","Hochelaga-Maisonneuve"
"660",4620018,6533,"CT","Hochelaga-Maisonneuve"
"661",4620019,6533,"CT","Hochelaga-Maisonneuve"
"662",4620021,6533,"CT","Hochelaga-Maisonneuve"
"663",4620022,6533,"CT","Hochelaga-Maisonneuve"
"664",4620023,6533,"CT","Hochelaga-Maisonneuve"
"665",4620024,6533,"CT","Hochelaga-Maisonneuve"
"666",4620025,6533,"CT","Hochelaga-Maisonneuve"
"667",4620026,6533,"CT","Hochelaga-Maisonneuve"
"668",4620027,6533,"CT","Hochelaga-Maisonneuve"
"669",4620028,6533,"CT","Hochelaga-Maisonneuve"
"670",4620029,6533,"CT","Hochelaga-Maisonneuve"
"671",4620030,6533,"CT","Hochelaga-Maisonneuve"
"672",4620031,6533,"CT","Hochelaga-Maisonneuve"
"673",4620032,6323,"CT","Montréal - Centre-Sud"
"674",4620033,6323,"CT","Montréal - Centre-Sud"
"675",4620034,6323,"CT","Montréal - Centre-Sud"
"676",4620035,6323,"CT","Montréal - Centre-Sud"
"677",4620036,6323,"CT","Montréal - Centre-Sud"
"678",4620037,6323,"CT","Montréal - Centre-Sud"
"679",4620038,6323,"CT","Montréal - Centre-Sud"
"680",4620039,6323,"CT","Montréal - Centre-Sud"
"681",4620040,6311,"CT","Saint-Henri"
"682",4620041,6323,"CT","Montréal - Centre-Sud"
"683",4620042,6323,"CT","Montréal - Centre-Sud"
"684",4620043,6323,"CT","Montréal - Centre-Sud"
"685",4620044,6323,"CT","Montréal - Centre-Sud"
"686",4620045,6323,"CT","Montréal - Centre-Sud"
"687",4620046,6323,"CT","Montréal - Centre-Sud"
"688",4620047,6323,"CT","Montréal - Centre-Sud"
"689",4620048,6323,"CT","Montréal - Centre-Sud"
"690",4620049,6323,"CT","Montréal - Centre-Sud"
"691",4620050,6323,"CT","Montréal - Centre-Sud"
"692",4620051,6323,"CT","Montréal - Centre-Sud"
"693",4620052,6323,"CT","Montréal - Centre-Sud"
"694",4620053,6323,"CT","Montréal - Centre-Sud"
"695",4620054,6323,"CT","Montréal - Centre-Sud"
"696",4620055.01,6324,"CT","Montréal - Centre-Ville"
"697",4620055.02,6311,"CT","Saint-Henri"
"698",4620056,6324,"CT","Montréal - Centre-Ville"
"699",4620057,6324,"CT","Montréal - Centre-Ville"
"700",4620058,6324,"CT","Montréal - Centre-Ville"
"701",4620059,6324,"CT","Montréal - Centre-Ville"
"702",4620060,6324,"CT","Montréal - Centre-Ville"
"703",4620061,6324,"CT","Montréal - Centre-Ville"
"704",4620062,6324,"CT","Montréal - Centre-Ville"
"705",4620063,6225,"CT","Métro"
"706",4620064,6225,"CT","Métro"
"707",4620065.01,6225,"CT","Métro"
"708",4620065.02,6225,"CT","Métro"
"709",4620066.01,6225,"CT","Métro"
"710",4620066.02,6225,"CT","Métro"
"711",4620067,6311,"CT","Saint-Henri"
"712",4620068,6311,"CT","Saint-Henri"
"713",4620069.01,6311,"CT","Saint-Henri"
"714",4620069.02,6311,"CT","Saint-Henri"
"715",4620070.01,6311,"CT","Saint-Henri"
"716",4620070.02,6311,"CT","Saint-Henri"
"717",4620071,6314,"CT","Pointe-Saint-Charles"
"718",4620072,6314,"CT","Pointe-Saint-Charles"
"719",4620073,6314,"CT","Pointe-Saint-Charles"
"720",4620074,6314,"CT","Pointe-Saint-Charles"
"721",4620075,6314,"CT","Pointe-Saint-Charles"
"722",4620076,6314,"CT","Pointe-Saint-Charles"
"723",4620077,6311,"CT","Saint-Henri"
"724",4620078,6311,"CT","Saint-Henri"
"725",4620079,6311,"CT","Saint-Henri"
"726",4620080,6311,"CT","Saint-Henri"
"727",4620081,6311,"CT","Saint-Henri"
"728",4620082,6311,"CT","Saint-Henri"
"729",4620083,6311,"CT","Saint-Henri"
"730",4620084,6311,"CT","Saint-Henri"
"731",4620085,6312,"CT","Saint-Paul"
"732",4620086,6312,"CT","Saint-Paul"
"733",4620087,6312,"CT","Saint-Paul"
"734",4620088,6312,"CT","Saint-Paul"
"735",4620089,6312,"CT","Saint-Paul"
"736",4620090,6312,"CT","Saint-Paul"
"737",4620091,6312,"CT","Saint-Paul"
"738",4620092,6312,"CT","Saint-Paul"
"739",4620093,6312,"CT","Saint-Paul"
"740",4620094.01,6212,"CT","Notre-Dame-de-Grâce - Montréal-Ouest"
"741",4620094.02,6311,"CT","Saint-Henri"
"742",4620095,6212,"CT","Notre-Dame-de-Grâce - Montréal-Ouest"
"743",4620096,6212,"CT","Notre-Dame-de-Grâce - Montréal-Ouest"
"744",4620097.01,6212,"CT","Notre-Dame-de-Grâce - Montréal-Ouest"
"745",4620097.02,6212,"CT","Notre-Dame-de-Grâce - Montréal-Ouest"
"746",4620098,6212,"CT","Notre-Dame-de-Grâce - Montréal-Ouest"
"747",4620099,6212,"CT","Notre-Dame-de-Grâce - Montréal-Ouest"
"748",4620100.01,6212,"CT","Notre-Dame-de-Grâce - Montréal-Ouest"
"749",4620100.02,6212,"CT","Notre-Dame-de-Grâce - Montréal-Ouest"
"750",4620101.01,6212,"CT","Notre-Dame-de-Grâce - Montréal-Ouest"
"751",4620101.02,6212,"CT","Notre-Dame-de-Grâce - Montréal-Ouest"
"752",4620102,6212,"CT","Notre-Dame-de-Grâce - Montréal-Ouest"
"753",4620103,6212,"CT","Notre-Dame-de-Grâce - Montréal-Ouest"
"754",4620104,6212,"CT","Notre-Dame-de-Grâce - Montréal-Ouest"
"755",4620105,6212,"CT","Notre-Dame-de-Grâce - Montréal-Ouest"
"756",4620106,6212,"CT","Notre-Dame-de-Grâce - Montréal-Ouest"
"757",4620107,6212,"CT","Notre-Dame-de-Grâce - Montréal-Ouest"
"758",4620108,6212,"CT","Notre-Dame-de-Grâce - Montréal-Ouest"
"759",4620109,6223,"CT","Snowdon"
"760",4620110,6211,"CT","Côte-Saint-Luc"
"761",4620111,6211,"CT","Côte-Saint-Luc"
"762",4620112.01,6223,"CT","Snowdon"
"763",4620112.02,6223,"CT","Snowdon"
"764",4620113,6223,"CT","Snowdon"
"765",4620114,6223,"CT","Snowdon"
"766",4620115.01,6223,"CT","Snowdon"
"767",4620115.02,6224,"CT","Côte-des-Neiges"
"768",4620120.01,6223,"CT","Snowdon"
"769",4620121,6222,"CT","Mont-Royal"
"770",4620122,6224,"CT","Côte-des-Neiges"
"771",4620123,6224,"CT","Côte-des-Neiges"
"772",4620124,6224,"CT","Côte-des-Neiges"
"773",4620125,6224,"CT","Côte-des-Neiges"
"774",4620126,6224,"CT","Côte-des-Neiges"
"775",4620127.01,6224,"CT","Côte-des-Neiges"
"776",4620127.02,6224,"CT","Côte-des-Neiges"
"777",4620128,6225,"CT","Métro"
"778",4620129.01,6225,"CT","Métro"
"779",4620129.02,6225,"CT","Métro"
"780",4620130,6225,"CT","Métro"
"781",4620131,6225,"CT","Métro"
"782",4620132,6225,"CT","Métro"
"783",4620133,6321,"CT","Saint-Louis-du-Parc"
"784",4620134,6321,"CT","Saint-Louis-du-Parc"
"785",4620135,6321,"CT","Saint-Louis-du-Parc"
"786",4620136,6321,"CT","Saint-Louis-du-Parc"
"787",4620137,6321,"CT","Saint-Louis-du-Parc"
"788",4620138,6321,"CT","Saint-Louis-du-Parc"
"789",4620139,6321,"CT","Saint-Louis-du-Parc"
"790",4620140,6322,"CT","Plateau-Mont-Royal"
"791",4620141,6322,"CT","Plateau-Mont-Royal"
"792",4620142,6322,"CT","Plateau-Mont-Royal"
"793",4620143,6322,"CT","Plateau-Mont-Royal"
"794",4620144,6322,"CT","Plateau-Mont-Royal"
"795",4620145,6322,"CT","Plateau-Mont-Royal"
"796",4620146,6322,"CT","Plateau-Mont-Royal"
"797",4620147,6322,"CT","Plateau-Mont-Royal"
"798",4620148,6322,"CT","Plateau-Mont-Royal"
"799",4620149,6322,"CT","Plateau-Mont-Royal"
"800",4620150,6322,"CT","Plateau-Mont-Royal"
"801",4620151,6322,"CT","Plateau-Mont-Royal"
"802",4620152,6322,"CT","Plateau-Mont-Royal"
"803",4620153,6322,"CT","Plateau-Mont-Royal"
"804",4620154,6322,"CT","Plateau-Mont-Royal"
"805",4620155,6322,"CT","Plateau-Mont-Royal"
"806",4620156,6322,"CT","Plateau-Mont-Royal"
"807",4620157,6322,"CT","Plateau-Mont-Royal"
"808",4620158,6322,"CT","Plateau-Mont-Royal"
"809",4620159,6322,"CT","Plateau-Mont-Royal"
"810",4620160,6322,"CT","Plateau-Mont-Royal"
"811",4620161,6321,"CT","Saint-Louis-du-Parc"
"812",4620162,6321,"CT","Saint-Louis-du-Parc"
"813",4620163,6321,"CT","Saint-Louis-du-Parc"
"814",4620164,6321,"CT","Saint-Louis-du-Parc"
"815",4620165,6321,"CT","Saint-Louis-du-Parc"
"816",4620166,6321,"CT","Saint-Louis-du-Parc"
"817",4620167,6321,"CT","Saint-Louis-du-Parc"
"818",4620168,6321,"CT","Saint-Louis-du-Parc"
"819",4620169,6321,"CT","Saint-Louis-du-Parc"
"820",4620170,6321,"CT","Saint-Louis-du-Parc"
"821",4620171,6321,"CT","Saint-Louis-du-Parc"
"822",4620172,6322,"CT","Plateau-Mont-Royal"
"823",4620173,6322,"CT","Plateau-Mont-Royal"
"824",4620174,6322,"CT","Plateau-Mont-Royal"
"825",4620175,6322,"CT","Plateau-Mont-Royal"
"826",4620176,6322,"CT","Plateau-Mont-Royal"
"827",4620177,6322,"CT","Plateau-Mont-Royal"
"828",4620178,6322,"CT","Plateau-Mont-Royal"
"829",4620179,6432,"CT","Petite Patrie"
"830",4620180,6531,"CT","Rosemont"
"831",4620181,6531,"CT","Rosemont"
"832",4620182,6531,"CT","Rosemont"
"833",4620183,6531,"CT","Rosemont"
"834",4620184,6531,"CT","Rosemont"
"835",4620185,6531,"CT","Rosemont"
"836",4620186,6531,"CT","Rosemont"
"837",4620187.03,6531,"CT","Rosemont"
"838",4620187.04,6531,"CT","Rosemont"
"839",4620188.01,6531,"CT","Rosemont"
"840",4620188.02,6531,"CT","Rosemont"
"841",4620189,6531,"CT","Rosemont"
"842",4620190.01,6532,"CT","Mercier-Ouest"
"843",4620190.02,6531,"CT","Rosemont"
"844",4620191,6532,"CT","Mercier-Ouest"
"845",4620192,6524,"CT","Mercier-Est"
"846",4620193,6524,"CT","Mercier-Est"
"847",4620194,6524,"CT","Mercier-Est"
"848",4620195.01,6531,"CT","Rosemont"
"849",4620195.02,6532,"CT","Mercier-Ouest"
"850",4620195.03,6532,"CT","Mercier-Ouest"
"851",4620196,6531,"CT","Rosemont"
"852",4620197,6531,"CT","Rosemont"
"853",4620198,6531,"CT","Rosemont"
"854",4620199,6531,"CT","Rosemont"
"855",4620200,6531,"CT","Rosemont"
"856",4620201,6531,"CT","Rosemont"
"857",4620202,6531,"CT","Rosemont"
"858",4620203,6531,"CT","Rosemont"
"859",4620204,6531,"CT","Rosemont"
"860",4620205,6432,"CT","Petite Patrie"
"861",4620206,6432,"CT","Petite Patrie"
"862",4620207,6432,"CT","Petite Patrie"
"863",4620208,6432,"CT","Petite Patrie"
"864",4620210,6432,"CT","Petite Patrie"
"865",4620211,6432,"CT","Petite Patrie"
"866",4620212,6432,"CT","Petite Patrie"
"867",4620213,6432,"CT","Petite Patrie"
"868",4620214,6432,"CT","Petite Patrie"
"869",4620215,6432,"CT","Petite Patrie"
"870",4620216,6432,"CT","Petite Patrie"
"871",4620217,6432,"CT","Petite Patrie"
"872",4620218,6432,"CT","Petite Patrie"
"873",4620219,6432,"CT","Petite Patrie"
"874",4620220,6221,"CT","Parc-Extension"
"875",4620221,6221,"CT","Parc-Extension"
"876",4620222,6221,"CT","Parc-Extension"
"877",4620223.01,6221,"CT","Parc-Extension"
"878",4620223.02,6221,"CT","Parc-Extension"
"879",4620224,6221,"CT","Parc-Extension"
"880",4620225,6431,"CT","Villeray"
"881",4620226,6431,"CT","Villeray"
"882",4620227,6431,"CT","Villeray"
"883",4620228,6431,"CT","Villeray"
"884",4620229,6431,"CT","Villeray"
"885",4620230,6431,"CT","Villeray"
"886",4620231,6431,"CT","Villeray"
"887",4620232,6431,"CT","Villeray"
"888",4620233,6431,"CT","Villeray"
"889",4620234,6431,"CT","Villeray"
"890",4620235,6431,"CT","Villeray"
"891",4620236,6431,"CT","Villeray"
"892",4620237,6431,"CT","Villeray"
"893",4620238,6431,"CT","Villeray"
"894",4620239,6431,"CT","Villeray"
"895",4620240,6431,"CT","Villeray"
"896",4620241,6431,"CT","Villeray"
"897",4620242,6431,"CT","Villeray"
"898",4620243,6431,"CT","Villeray"
"899",4620244,6431,"CT","Villeray"
"900",4620245,6431,"CT","Villeray"
"901",4620249,6431,"CT","Villeray"
"902",4620250,6511,"CT","Saint-Michel"
"903",4620251.01,6511,"CT","Saint-Michel"
"904",4620251.02,6511,"CT","Saint-Michel"
"905",4620252,6511,"CT","Saint-Michel"
"906",4620253,6511,"CT","Saint-Michel"
"907",4620254,6511,"CT","Saint-Michel"
"908",4620256,6511,"CT","Saint-Michel"
"909",4620257,6511,"CT","Saint-Michel"
"910",4620258,6511,"CT","Saint-Michel"
"911",4620259,6511,"CT","Saint-Michel"
"912",4620260,6511,"CT","Saint-Michel"
"913",4620261,6511,"CT","Saint-Michel"
"914",4620262,6511,"CT","Saint-Michel"
"915",4620263,6511,"CT","Saint-Michel"
"916",4620264.01,6421,"CT","Ahuntsic"
"917",4620264.02,6421,"CT","Ahuntsic"
"918",4620265,6421,"CT","Ahuntsic"
"919",4620266,6421,"CT","Ahuntsic"
"920",4620267,6421,"CT","Ahuntsic"
"921",4620268.01,6411,"CT","Bordeaux-Cartierville"
"922",4620268.02,6411,"CT","Bordeaux-Cartierville"
"923",4620268.03,6411,"CT","Bordeaux-Cartierville"
"924",4620269,6421,"CT","Ahuntsic"
"925",4620270,6421,"CT","Ahuntsic"
"926",4620271,6421,"CT","Ahuntsic"
"927",4620272,6421,"CT","Ahuntsic"
"928",4620273,6421,"CT","Ahuntsic"
"929",4620274,6421,"CT","Ahuntsic"
"930",4620275,6421,"CT","Ahuntsic"
"931",4620276,6421,"CT","Ahuntsic"
"932",4620277,6421,"CT","Ahuntsic"
"933",4620278,6421,"CT","Ahuntsic"
"934",4620279,6421,"CT","Ahuntsic"
"935",4620280,6421,"CT","Ahuntsic"
"936",4620281,6421,"CT","Ahuntsic"
"937",4620283.01,6411,"CT","Bordeaux-Cartierville"
"938",4620283.02,6411,"CT","Bordeaux-Cartierville"
"939",4620284,6411,"CT","Bordeaux-Cartierville"
"940",4620285,6411,"CT","Bordeaux-Cartierville"
"941",4620286,6411,"CT","Bordeaux-Cartierville"
"942",4620287.01,6411,"CT","Bordeaux-Cartierville"
"943",4620287.02,6411,"CT","Bordeaux-Cartierville"
"944",4620288,6411,"CT","Bordeaux-Cartierville"
"945",4620290.01,6521,"CT","Rivière-des-Prairies"
"946",4620290.02,6521,"CT","Rivière-des-Prairies"
"947",4620290.03,6521,"CT","Rivière-des-Prairies"
"948",4620290.04,6521,"CT","Rivière-des-Prairies"
"949",4620290.05,6521,"CT","Rivière-des-Prairies"
"950",4620290.06,6521,"CT","Rivière-des-Prairies"
"951",4620290.07,6521,"CT","Rivière-des-Prairies"
"952",4620290.08,6521,"CT","Rivière-des-Prairies"
"953",4620290.09,6521,"CT","Rivière-des-Prairies"
"954",4620291.01,6521,"CT","Rivière-des-Prairies"
"955",4620291.03,6521,"CT","Rivière-des-Prairies"
"956",4620291.04,6521,"CT","Rivière-des-Prairies"
"957",4620300,6313,"CT","Verdun"
"958",4620301,6313,"CT","Verdun"
"959",4620302,6313,"CT","Verdun"
"960",4620303,6313,"CT","Verdun"
"961",4620304,6313,"CT","Verdun"
"962",4620305,6313,"CT","Verdun"
"963",4620306,6313,"CT","Verdun"
"964",4620307,6313,"CT","Verdun"
"965",4620308,6313,"CT","Verdun"
"966",4620309,6313,"CT","Verdun"
"967",4620310,6313,"CT","Verdun"
"968",4620311,6313,"CT","Verdun"
"969",4620312,6313,"CT","Verdun"
"970",4620313,6313,"CT","Verdun"
"971",4620314,6313,"CT","Verdun"
"972",4620315,6313,"CT","Verdun"
"973",4620316,6313,"CT","Verdun"
"974",4620317.02,6313,"CT","Verdun"
"975",4620317.03,6313,"CT","Verdun"
"976",4620317.04,6313,"CT","Verdun"
"977",4620320,6122,"CT","Lasalle"
"978",4620321,6122,"CT","Lasalle"
"979",4620322.02,6122,"CT","Lasalle"
"980",4620322.03,6122,"CT","Lasalle"
"981",4620322.04,6122,"CT","Lasalle"
"982",4620323,6122,"CT","Lasalle"
"983",4620324.01,6122,"CT","Lasalle"
"984",4620324.02,6122,"CT","Lasalle"
"985",4620325.01,6122,"CT","Lasalle"
"986",4620325.02,6122,"CT","Lasalle"
"987",4620325.03,6122,"CT","Lasalle"
"988",4620325.05,6122,"CT","Lasalle"
"989",4620325.06,6122,"CT","Lasalle"
"990",4620326.01,6122,"CT","Lasalle"
"991",4620326.02,6122,"CT","Lasalle"
"992",4620326.03,6122,"CT","Lasalle"
"993",4620327,6122,"CT","Lasalle"
"994",4620328,6122,"CT","Lasalle"
"995",4620329,6122,"CT","Lasalle"
"996",4620330,6121,"CT","Lachine"
"997",4620360,6222,"CT","Mont-Royal"
"998",4620361,6222,"CT","Mont-Royal"
"999",4620362,6222,"CT","Mont-Royal"
"1000",4620363,6222,"CT","Mont-Royal"
"1001",4620364,6222,"CT","Mont-Royal"
"1002",4620365,6222,"CT","Mont-Royal"
"1003",4620366,6222,"CT","Mont-Royal"
"1004",4620367,6222,"CT","Mont-Royal"
"1005",4620390,6121,"CT","Lachine"
"1006",4620391,6121,"CT","Lachine"
"1007",4620392,6121,"CT","Lachine"
"1008",4620393,6121,"CT","Lachine"
"1009",4620394,6121,"CT","Lachine"
"1010",4620395.01,6121,"CT","Lachine"
"1011",4620395.02,6121,"CT","Lachine"
"1012",4620395.03,6121,"CT","Lachine"
"1013",4620396,6121,"CT","Lachine"
"1014",4620397,6121,"CT","Lachine"
"1015",4620410.01,6412,"CT","Saint-Laurent"
"1016",4620410.02,6412,"CT","Saint-Laurent"
"1017",4620410.03,6412,"CT","Saint-Laurent"
"1018",4620412,6412,"CT","Saint-Laurent"
"1019",4620413.01,6412,"CT","Saint-Laurent"
"1020",4620413.02,6412,"CT","Saint-Laurent"
"1021",4620415.03,6412,"CT","Saint-Laurent"
"1022",4620415.04,6412,"CT","Saint-Laurent"
"1023",4620415.05,6412,"CT","Saint-Laurent"
"1024",4620415.06,6412,"CT","Saint-Laurent"
"1025",4620416.01,6411,"CT","Bordeaux-Cartierville"
"1026",4620416.02,6412,"CT","Saint-Laurent"
"1027",4620417.01,6412,"CT","Saint-Laurent"
"1028",4620417.02,6412,"CT","Saint-Laurent"
"1029",4620418,6412,"CT","Saint-Laurent"
"1030",4620419,6412,"CT","Saint-Laurent"
"1031",4620420,6412,"CT","Saint-Laurent"
"1032",4620421.01,6412,"CT","Saint-Laurent"
"1033",4620421.02,6412,"CT","Saint-Laurent"
"1034",4620511.01,6112,"CT","Pierrefonds"
"1035",4620511.02,6112,"CT","Pierrefonds"
"1036",4620512.02,6112,"CT","Pierrefonds"
"1037",4620512.03,6112,"CT","Pierrefonds"
"1038",4620512.04,6112,"CT","Pierrefonds"
"1039",4620513.01,6112,"CT","Pierrefonds"
"1040",4620513.02,6112,"CT","Pierrefonds"
"1041",4620514.01,6112,"CT","Pierrefonds"
"1042",4620514.02,6112,"CT","Pierrefonds"
"1043",4620515.01,6112,"CT","Pierrefonds"
"1044",4620515.02,6112,"CT","Pierrefonds"
"1045",4620515.03,6112,"CT","Pierrefonds"
"1046",4620515.04,6112,"CT","Pierrefonds"
"1047",4620530,6112,"CT","Pierrefonds"
"1048",4620540,6112,"CT","Pierrefonds"
"1049",4620550.02,6112,"CT","Pierrefonds"
"1050",4620550.03,6112,"CT","Pierrefonds"
"1051",4620550.04,6112,"CT","Pierrefonds"
"1052",4620580.01,6523,"CT","Pointe-aux-Trembles"
"1053",4620580.02,6523,"CT","Pointe-aux-Trembles"
"1054",4620580.03,6523,"CT","Pointe-aux-Trembles"
"1055",4620581.01,6523,"CT","Pointe-aux-Trembles"
"1056",4620581.02,6523,"CT","Pointe-aux-Trembles"
"1057",4620582.01,6523,"CT","Pointe-aux-Trembles"
"1058",4620582.02,6523,"CT","Pointe-aux-Trembles"
"1059",4620583,6523,"CT","Pointe-aux-Trembles"
"1060",4620584,6523,"CT","Pointe-aux-Trembles"
"1061",4620585.01,6523,"CT","Pointe-aux-Trembles"
"1062",4620585.02,6523,"CT","Pointe-aux-Trembles"
"1063",4620590.01,6522,"CT","Anjou"
"1064",4620590.02,6522,"CT","Anjou"
"1065",4620591.01,6522,"CT","Anjou"
"1066",4620591.02,6522,"CT","Anjou"
"1067",4620592,6522,"CT","Anjou"
"1068",4620593.01,6522,"CT","Anjou"
"1069",4620593.02,6522,"CT","Anjou"
"1070",4620594.01,6522,"CT","Anjou"
"1071",4620594.02,6522,"CT","Anjou"
"1072",4620600.01,6512,"CT","Saint-Léonard"
"1073",4620600.02,6512,"CT","Saint-Léonard"
"1074",4620600.03,6512,"CT","Saint-Léonard"
"1075",4620601.01,6512,"CT","Saint-Léonard"
"1076",4620601.02,6512,"CT","Saint-Léonard"
"1077",4620602.01,6512,"CT","Saint-Léonard"
"1078",4620602.02,6512,"CT","Saint-Léonard"
"1079",4620603.01,6512,"CT","Saint-Léonard"
"1080",4620603.02,6512,"CT","Saint-Léonard"
"1081",4620603.03,6512,"CT","Saint-Léonard"
"1082",4620604.01,6512,"CT","Saint-Léonard"
"1083",4620604.02,6512,"CT","Saint-Léonard"
"1084",4620604.03,6512,"CT","Saint-Léonard"
"1085",4620604.04,6512,"CT","Saint-Léonard"
"1086",4620604.05,6512,"CT","Saint-Léonard"
"1087",4620605.01,6512,"CT","Saint-Léonard"
"1088",4620605.02,6512,"CT","Saint-Léonard"
"1089",4620605.03,6512,"CT","Saint-Léonard"
"1090",4620605.04,6512,"CT","Saint-Léonard"
"1091",4620605.05,6512,"CT","Saint-Léonard"
"1092",4620610.01,6422,"CT","Montréal-Nord"
"1093",4620610.02,6422,"CT","Montréal-Nord"
"1094",4620610.03,6422,"CT","Montréal-Nord"
"1095",4620610.04,6422,"CT","Montréal-Nord"
"1096",4620610.05,6422,"CT","Montréal-Nord"
"1097",4620610.06,6422,"CT","Montréal-Nord"
"1098",4620610.07,6422,"CT","Montréal-Nord"
"1099",4620611.01,6422,"CT","Montréal-Nord"
"1100",4620611.02,6422,"CT","Montréal-Nord"
"1101",4620612,6422,"CT","Montréal-Nord"
"1102",4620613,6422,"CT","Montréal-Nord"
"1103",4620614,6422,"CT","Montréal-Nord"
"1104",4620615,6422,"CT","Montréal-Nord"
"1105",4620616,6422,"CT","Montréal-Nord"
"1106",4620617.01,6422,"CT","Montréal-Nord"
"1107",4620617.02,6422,"CT","Montréal-Nord"
"1108",4620618,6422,"CT","Montréal-Nord"
"1109",4620619,6422,"CT","Montréal-Nord"
"1110",4620625.01,13112,"CT","Duvernay"
"1111",4620625.02,13112,"CT","Duvernay"
"1112",4620626,13112,"CT","Duvernay"
"1113",4620627,13112,"CT","Duvernay"
"1114",4620628.01,13112,"CT","Duvernay"
"1115",4620628.02,13112,"CT","Duvernay"
"1116",4620629,13112,"CT","Duvernay"
"1117",4620630.01,13112,"CT","Duvernay"
"1118",4620630.02,13112,"CT","Duvernay"
"1119",4620632.01,13113,"CT","Pont-Viau"
"1120",4620632.02,13113,"CT","Pont-Viau"
"1121",4620632.03,13113,"CT","Pont-Viau"
"1122",4620632.04,13113,"CT","Pont-Viau"
"1123",4620633,13113,"CT","Pont-Viau"
"1124",4620634,13113,"CT","Pont-Viau"
"1125",4620635,13113,"CT","Pont-Viau"
"1126",4620636,13113,"CT","Pont-Viau"
"1127",4620637.01,13113,"CT","Pont-Viau"
"1128",4620637.02,13113,"CT","Pont-Viau"
"1129",4620638.01,13113,"CT","Pont-Viau"
"1130",4620638.02,13113,"CT","Pont-Viau"
"1131",4620638.03,13113,"CT","Pont-Viau"
"1132",4620638.04,13113,"CT","Pont-Viau"
"1133",4620639,13113,"CT","Pont-Viau"
"1134",4620640,13113,"CT","Pont-Viau"
"1135",4620641.01,13113,"CT","Pont-Viau"
"1136",4620641.02,13113,"CT","Pont-Viau"
"1137",4620643.01,13111,"CT","Sainte-Rose-de-Laval"
"1138",4620643.02,13114,"CT","Chomedey"
"1139",4620643.03,13114,"CT","Chomedey"
"1140",4620644,13114,"CT","Chomedey"
"1141",4620645,13114,"CT","Chomedey"
"1142",4620646.01,13114,"CT","Chomedey"
"1143",4620646.02,13114,"CT","Chomedey"
"1144",4620646.03,13114,"CT","Chomedey"
"1145",4620647.01,13114,"CT","Chomedey"
"1146",4620647.02,13114,"CT","Chomedey"
"1147",4620648,13114,"CT","Chomedey"
"1148",4620649.01,13114,"CT","Chomedey"
"1149",4620649.02,13114,"CT","Chomedey"
"1150",4620650.01,13114,"CT","Chomedey"
"1151",4620650.02,13114,"CT","Chomedey"
"1152",4620650.04,13114,"CT","Chomedey"
"1153",4620650.05,13114,"CT","Chomedey"
"1154",4620651.01,13114,"CT","Chomedey"
"1155",4620652.01,13114,"CT","Chomedey"
"1156",4620652.04,13114,"CT","Chomedey"
"1157",4620652.06,13114,"CT","Chomedey"
"1158",4620652.07,13114,"CT","Chomedey"
"1159",4620652.08,13114,"CT","Chomedey"
"1160",4620652.09,13114,"CT","Chomedey"
"1161",4620653,13114,"CT","Chomedey"
"1162",4620654,13111,"CT","Sainte-Rose-de-Laval"
"1163",4620655.01,13111,"CT","Sainte-Rose-de-Laval"
"1164",4620655.02,13111,"CT","Sainte-Rose-de-Laval"
"1165",4620656.01,13111,"CT","Sainte-Rose-de-Laval"
"1166",4620656.03,13111,"CT","Sainte-Rose-de-Laval"
"1167",4620656.04,13111,"CT","Sainte-Rose-de-Laval"
"1168",4620657.01,13111,"CT","Sainte-Rose-de-Laval"
"1169",4620657.02,13111,"CT","Sainte-Rose-de-Laval"
"1170",4620657.03,13111,"CT","Sainte-Rose-de-Laval"
"1171",4620658.01,13111,"CT","Sainte-Rose-de-Laval"
"1172",4620658.02,13111,"CT","Sainte-Rose-de-Laval"
"1173",4620658.03,13111,"CT","Sainte-Rose-de-Laval"
"1174",4620659.04,13111,"CT","Sainte-Rose-de-Laval"
"1175",4620659.05,13111,"CT","Sainte-Rose-de-Laval"
"1176",4620659.06,13111,"CT","Sainte-Rose-de-Laval"
"1177",4620659.08,13111,"CT","Sainte-Rose-de-Laval"
"1178",4620659.09,13111,"CT","Sainte-Rose-de-Laval"
"1179",4620659.1,13111,"CT","Sainte-Rose-de-Laval"
"1180",4620659.11,13111,"CT","Sainte-Rose-de-Laval"
"1181",4620660.01,13111,"CT","Sainte-Rose-de-Laval"
"1182",4620660.02,13111,"CT","Sainte-Rose-de-Laval"
"1183",4620660.03,13111,"CT","Sainte-Rose-de-Laval"
"1184",4620661.01,13111,"CT","Sainte-Rose-de-Laval"
"1185",4620661.04,13111,"CT","Sainte-Rose-de-Laval"
"1186",4620662,13112,"CT","Duvernay"
"1187",4620733.01,15151,"CT","Deux-Montagnes - Mirabel"
"1188",4620734.03,15151,"CT","Deux-Montagnes - Mirabel"
"1189",4620734.04,15151,"CT","Deux-Montagnes - Mirabel"
"1190",4620734.05,15161,"CT","La Rivière-du-Nord - Mirabel"
"1191",4620734.06,15161,"CT","La Rivière-du-Nord - Mirabel"
"1192",4620735.01,15161,"CT","La Rivière-du-Nord - Mirabel"
"1193",4620735.02,15161,"CT","La Rivière-du-Nord - Mirabel"
"1194",4620856,16112,"CT","Saint-Hubert"
"1195",4620857.01,16112,"CT","Saint-Hubert"
"1196",4620857.02,16112,"CT","Saint-Hubert"
"1197",4620857.06,16112,"CT","Saint-Hubert"
"1198",4620857.07,16112,"CT","Saint-Hubert"
"1199",4620857.08,16112,"CT","Saint-Hubert"
"1200",4620857.09,16112,"CT","Saint-Hubert"
"1201",4620857.1,16112,"CT","Saint-Hubert"
"1202",4620857.11,16112,"CT","Saint-Hubert"
"1203",4620857.12,16112,"CT","Saint-Hubert"
"1204",4620858.01,16112,"CT","Saint-Hubert"
"1205",4620858.02,16112,"CT","Saint-Hubert"
"1206",4620858.04,16112,"CT","Saint-Hubert"
"1207",4620858.05,16112,"CT","Saint-Hubert"
"1208",4620860.01,16111,"CT","Brossard - Saint-Lambert"
"1209",4620860.02,16111,"CT","Brossard - Saint-Lambert"
"1210",4620861,16111,"CT","Brossard - Saint-Lambert"
"1211",4620865,16111,"CT","Brossard - Saint-Lambert"
"1212",4620866,16111,"CT","Brossard - Saint-Lambert"
"1213",4620867,16112,"CT","Saint-Hubert"
"1214",4620868.01,16112,"CT","Saint-Hubert"
"1215",4620868.02,16112,"CT","Saint-Hubert"
"1216",4620869,16211,"CT","Longueuil-Ouest"
"1217",4620870.01,16211,"CT","Longueuil-Ouest"
"1218",4620870.02,16211,"CT","Longueuil-Ouest"
"1219",4620871.01,16211,"CT","Longueuil-Ouest"
"1220",4620871.02,16211,"CT","Longueuil-Ouest"
"1221",4620872,16211,"CT","Longueuil-Ouest"
"1222",4620873.01,16211,"CT","Longueuil-Ouest"
"1223",4620873.02,16211,"CT","Longueuil-Ouest"
"1224",4620874,16212,"CT","Longueuil-Est"
"1225",4620875,16212,"CT","Longueuil-Est"
"1226",4620876.01,16212,"CT","Longueuil-Est"
"1227",4620876.04,16212,"CT","Longueuil-Est"
"1228",4620876.05,16212,"CT","Longueuil-Est"
"1229",4620876.06,16212,"CT","Longueuil-Est"
"1230",4620876.07,16212,"CT","Longueuil-Est"
"1231",4620877.01,16212,"CT","Longueuil-Est"
"1232",4620877.02,16212,"CT","Longueuil-Est"
"1233",4620878,16212,"CT","Longueuil-Est"
"1234",4620879.01,16211,"CT","Longueuil-Ouest"
"1235",4620879.02,16211,"CT","Longueuil-Ouest"
"1236",4620880,16211,"CT","Longueuil-Ouest"
"1237",4620881.01,16211,"CT","Longueuil-Ouest"
"1238",4620881.02,16211,"CT","Longueuil-Ouest"
"1239",4620882,16211,"CT","Longueuil-Ouest"
"1240",4620883,16211,"CT","Longueuil-Ouest"
"1241",4620884.01,16211,"CT","Longueuil-Ouest"
"1242",4620884.02,16211,"CT","Longueuil-Ouest"
"1243",4620885,16212,"CT","Longueuil-Est"
"1244",4620886.01,16212,"CT","Longueuil-Est"
"1245",4620886.02,16212,"CT","Longueuil-Est"
"1246",4620886.03,16212,"CT","Longueuil-Est"
"1247",5050500,7142,"CT","Hull"
"1248",5050501,7142,"CT","Hull"
"1249",5050502,7142,"CT","Hull"
"1250",5050503,7142,"CT","Hull"
"1251",5050504.01,7142,"CT","Hull"
"1252",5050504.03,7142,"CT","Hull"
"1253",5050504.04,7142,"CT","Hull"
"1254",5050504.05,7142,"CT","Hull"
"1255",5050505,7142,"CT","Hull"
"1256",5050506,7142,"CT","Hull"
"1257",5050507,7142,"CT","Hull"
"1258",5050508,7142,"CT","Hull"
"1259",5050509,7142,"CT","Hull"
"1260",5050510.01,7142,"CT","Hull"
"1261",5050510.02,7142,"CT","Hull"
"1262",5050511.01,7142,"CT","Hull"
"1263",5050511.02,7142,"CT","Hull"
"1264",5050600,7143,"CT","Gatineau"
"1265",5050601.01,7143,"CT","Gatineau"
"1266",5050601.02,7143,"CT","Gatineau"
"1267",5050601.03,7143,"CT","Gatineau"
"1268",5050602.01,7143,"CT","Gatineau"
"1269",5050602.02,7143,"CT","Gatineau"
"1270",5050602.03,7143,"CT","Gatineau"
"1271",5050610.01,7143,"CT","Gatineau"
"1272",5050610.02,7143,"CT","Gatineau"
"1273",5050611,7143,"CT","Gatineau"
"1274",5050612.01,7143,"CT","Gatineau"
"1275",5050612.02,7143,"CT","Gatineau"
"1276",5050613.01,7143,"CT","Gatineau"
"1277",5050613.03,7143,"CT","Gatineau"
"1278",5050613.04,7143,"CT","Gatineau"
"1279",5050613.05,7143,"CT","Gatineau"
"1280",5050620.01,7143,"CT","Gatineau"
"1281",5050620.03,7143,"CT","Gatineau"
"1282",5050620.04,7143,"CT","Gatineau"
"1283",5050630.01,7143,"CT","Gatineau"
"1284",5050630.02,7143,"CT","Gatineau"
"1285",5050631,7143,"CT","Gatineau"
"1286",5050700.04,7131,"CT","Les Collines-de-l'Outaouais"
"1287",5050710.01,7151,"CT","Vallée-de-la-Lièvre"
"1288",5050710.02,7151,"CT","Vallée-de-la-Lièvre"
"1289",5050711,7151,"CT","Vallée-de-la-Lièvre"
"1290",5050712,7151,"CT","Vallée-de-la-Lièvre"
"1291",5050800,7141,"CT","Aylmer"
"1292",5050810.01,7141,"CT","Aylmer"
"1293",5050810.02,7141,"CT","Aylmer"
"1294",5050811.01,7141,"CT","Aylmer"
"1295",5050811.02,7141,"CT","Aylmer"
"1296",5050820,7141,"CT","Aylmer"
"1297",5050821.01,7141,"CT","Aylmer"
"1298",5050821.02,7141,"CT","Aylmer"
"1299",5050822.03,7141,"CT","Aylmer"
"1300",5050822.05,7141,"CT","Aylmer"
"1301",5050822.06,7141,"CT","Aylmer"
"1302",5050840,7143,"CT","Gatineau"
"1303",5050841.03,7143,"CT","Gatineau"
"1304",5050841.04,7143,"CT","Gatineau"
"1305",24020035,11132,"DA","Gaspé"
"1306",24020036,11141,"DA","Pabok"
"1307",24020037,11141,"DA","Pabok"
"1308",24020038,11141,"DA","Pabok"
"1309",24020039,11141,"DA","Pabok"
"1310",24020040,11141,"DA","Pabok"
"1311",24020069,11132,"DA","Gaspé"
"1312",24230337,3132,"DA","Charlesbourg"
"1313",24230338,3132,"DA","Charlesbourg"
"1314",24230339,3132,"DA","Charlesbourg"
"1315",24230349,3132,"DA","Charlesbourg"
"1316",24230350,3132,"DA","Charlesbourg"
"1317",24230493,3122,"DA","Duberger-Les Saules-Lebourgneuf"
"1318",24230494,3122,"DA","Duberger-Les Saules-Lebourgneuf"
"1319",24230495,3122,"DA","Duberger-Les Saules-Lebourgneuf"
"1320",24230558,3123,"DA","Sainte-Foy - Sillery"
"1321",24230561,3121,"DA","Laurentien"
"1322",24230562,3121,"DA","Laurentien"
"1323",24230563,3121,"DA","Laurentien"
"1324",24230564,3121,"DA","Laurentien"
"1325",24230566,3121,"DA","Laurentien"
"1326",24230567,3121,"DA","Laurentien"
"1327",24230568,3121,"DA","Laurentien"
"1328",24230569,3121,"DA","Laurentien"
"1329",24230570,3121,"DA","Laurentien"
"1330",24230644,3122,"DA","Duberger-Les Saules-Lebourgneuf"
"1331",24230645,3122,"DA","Duberger-Les Saules-Lebourgneuf"
"1332",24230646,3122,"DA","Duberger-Les Saules-Lebourgneuf"
"1333",24230647,3122,"DA","Duberger-Les Saules-Lebourgneuf"
"1334",24230648,3122,"DA","Duberger-Les Saules-Lebourgneuf"
"1335",24230649,3122,"DA","Duberger-Les Saules-Lebourgneuf"
"1336",24230650,3122,"DA","Duberger-Les Saules-Lebourgneuf"
"1337",24230651,3122,"DA","Duberger-Les Saules-Lebourgneuf"
"1338",24230652,3122,"DA","Duberger-Les Saules-Lebourgneuf"
"1339",24230661,3122,"DA","Duberger-Les Saules-Lebourgneuf"
"1340",24230662,3122,"DA","Duberger-Les Saules-Lebourgneuf"
"1341",24230663,3122,"DA","Duberger-Les Saules-Lebourgneuf"
"1342",24230665,3122,"DA","Duberger-Les Saules-Lebourgneuf"
"1343",24230666,3131,"DA","Loretteville - Val-Bélair"
"1344",24230667,3131,"DA","Loretteville - Val-Bélair"
"1345",24230690,3131,"DA","Loretteville - Val-Bélair"
"1346",24230721,3122,"DA","Duberger-Les Saules-Lebourgneuf"
"1347",24230726,3122,"DA","Duberger-Les Saules-Lebourgneuf"
"1348",24230727,3122,"DA","Duberger-Les Saules-Lebourgneuf"
"1349",24230728,3122,"DA","Duberger-Les Saules-Lebourgneuf"
"1350",24230729,3122,"DA","Duberger-Les Saules-Lebourgneuf"
"1351",24230730,3122,"DA","Duberger-Les Saules-Lebourgneuf"
"1352",24230743,3122,"DA","Duberger-Les Saules-Lebourgneuf"
"1353",24230744,3122,"DA","Duberger-Les Saules-Lebourgneuf"
"1354",24230745,3122,"DA","Duberger-Les Saules-Lebourgneuf"
"1355",24230746,3122,"DA","Duberger-Les Saules-Lebourgneuf"
"1356",24230768,3126,"DA","Limoilou-Vanier"
"1357",24230783,3132,"DA","Charlesbourg"
"1358",24230784,3132,"DA","Charlesbourg"
"1359",24231034,3126,"DA","Limoilou-Vanier"
"1360",24231080,3123,"DA","Sainte-Foy - Sillery"
"1361",24231081,3123,"DA","Sainte-Foy - Sillery"
"1362",24231108,3122,"DA","Duberger-Les Saules-Lebourgneuf"
"1363",24231111,3126,"DA","Limoilou-Vanier"
"1364",24231112,3125,"DA","Québec - Basse-Ville"
"1365",24231113,3123,"DA","Sainte-Foy - Sillery"
"1366",24231115,3123,"DA","Sainte-Foy - Sillery"
"1367",24250250,12113,"DA","Desjardins"
"1368",24250260,12112,"DA","Les Chutes-de-la-Chaudière"
"1369",24250261,12112,"DA","Les Chutes-de-la-Chaudière"
"1370",24250263,12113,"DA","Desjardins"
"1371",24250264,12113,"DA","Desjardins"
"1372",24250316,12113,"DA","Desjardins"
"1373",24650036,13112,"DA","Duvernay"
"1374",24650037,13112,"DA","Duvernay"
"1375",24650040,13111,"DA","Sainte-Rose-de-Laval"
"1376",24650041,13111,"DA","Sainte-Rose-de-Laval"
"1377",24650060,13111,"DA","Sainte-Rose-de-Laval"
"1378",24650153,13114,"DA","Chomedey"
"1379",24650154,13114,"DA","Chomedey"
"1380",24650155,13114,"DA","Chomedey"
"1381",24650156,13114,"DA","Chomedey"
"1382",24650158,13114,"DA","Chomedey"
"1383",24650159,13114,"DA","Chomedey"
"1384",24650160,13114,"DA","Chomedey"
"1385",24650161,13114,"DA","Chomedey"
"1386",24650162,13114,"DA","Chomedey"
"1387",24650163,13114,"DA","Chomedey"
"1388",24650256,13112,"DA","Duvernay"
"1389",24650258,13112,"DA","Duvernay"
"1390",24650485,13114,"DA","Chomedey"
"1391",24650486,13114,"DA","Chomedey"
"1392",24650487,13114,"DA","Chomedey"
"1393",24650488,13114,"DA","Chomedey"
"1394",24650489,13114,"DA","Chomedey"
"1395",24650490,13114,"DA","Chomedey"
"1396",24650600,13111,"DA","Sainte-Rose-de-Laval"
"1397",24650640,13111,"DA","Sainte-Rose-de-Laval"
"1398",24650641,13114,"DA","Chomedey"
"1399",24650642,13114,"DA","Chomedey"
"1400",24650643,13114,"DA","Chomedey"
"1401",24650644,13114,"DA","Chomedey"
"1402",24650645,13114,"DA","Chomedey"
"1403",24650653,13111,"DA","Sainte-Rose-de-Laval"
"1404",24650654,13111,"DA","Sainte-Rose-de-Laval"
"1405",24650655,13111,"DA","Sainte-Rose-de-Laval"
"1406",24650676,13112,"DA","Duvernay"
"1407",24650677,13112,"DA","Duvernay"
"1408",24650678,13112,"DA","Duvernay"
"1409",24650679,13112,"DA","Duvernay"
"1410",24650680,13111,"DA","Sainte-Rose-de-Laval"
"1411",24660660,6223,"DA","Snowdon"
"1412",24660661,6223,"DA","Snowdon"
"1413",24660662,6223,"DA","Snowdon"
"1414",24660666,6223,"DA","Snowdon"
"1415",24660667,6223,"DA","Snowdon"
"1416",24660668,6223,"DA","Snowdon"
"1417",24660669,6223,"DA","Snowdon"
"1418",24660670,6223,"DA","Snowdon"
"1419",24660671,6223,"DA","Snowdon"
"1420",24660672,6223,"DA","Snowdon"
"1421",24660673,6223,"DA","Snowdon"
"1422",24660676,6223,"DA","Snowdon"
"1423",24660677,6224,"DA","Côte-des-Neiges"
"1424",24660678,6224,"DA","Côte-des-Neiges"
"1425",24660679,6224,"DA","Côte-des-Neiges"
"1426",24660680,6224,"DA","Côte-des-Neiges"
"1427",24660681,6224,"DA","Côte-des-Neiges"
"1428",24660682,6224,"DA","Côte-des-Neiges"
"1429",24660683,6224,"DA","Côte-des-Neiges"
"1430",24660684,6224,"DA","Côte-des-Neiges"
"1431",24660685,6224,"DA","Côte-des-Neiges"
"1432",24660686,6224,"DA","Côte-des-Neiges"
"1433",24660687,6223,"DA","Snowdon"
"1434",24660688,6224,"DA","Côte-des-Neiges"
"1435",24660689,6224,"DA","Côte-des-Neiges"
"1436",24660690,6224,"DA","Côte-des-Neiges"
"1437",24660691,6224,"DA","Côte-des-Neiges"
"1438",24660692,6224,"DA","Côte-des-Neiges"
"1439",24660693,6224,"DA","Côte-des-Neiges"
"1440",24661319,6224,"DA","Côte-des-Neiges"
"1441",24661320,6224,"DA","Côte-des-Neiges"
"1442",24661332,6224,"DA","Côte-des-Neiges"
"1443",24661333,6224,"DA","Côte-des-Neiges"
"1444",24661334,6224,"DA","Côte-des-Neiges"
"1445",24661468,6432,"DA","Petite Patrie"
"1446",24661469,6432,"DA","Petite Patrie"
"1447",24661470,6432,"DA","Petite Patrie"
"1448",24661471,6432,"DA","Petite Patrie"
"1449",24661472,6431,"DA","Villeray"
"1450",24661473,6431,"DA","Villeray"
"1451",24661474,6431,"DA","Villeray"
"1452",24661475,6431,"DA","Villeray"
"1453",24661476,6431,"DA","Villeray"
"1454",24661640,6432,"DA","Petite Patrie"
"1455",24661641,6432,"DA","Petite Patrie"
"1456",24661651,6432,"DA","Petite Patrie"
"1457",24661652,6432,"DA","Petite Patrie"
"1458",24661653,6432,"DA","Petite Patrie"
"1459",24661777,6533,"DA","Hochelaga-Maisonneuve"
"1460",24661778,6533,"DA","Hochelaga-Maisonneuve"
"1461",24661967,6432,"DA","Petite Patrie"
"1462",24662050,6533,"DA","Hochelaga-Maisonneuve"
"1463",24662051,6531,"DA","Rosemont"
"1464",24662101,6432,"DA","Petite Patrie"
"1465",24662513,6411,"DA","Bordeaux-Cartierville"
"1466",24662515,6411,"DA","Bordeaux-Cartierville"
"1467",24662516,6421,"DA","Ahuntsic"
"1468",24662543,6411,"DA","Bordeaux-Cartierville"
"1469",24662544,6411,"DA","Bordeaux-Cartierville"
"1470",24662545,6411,"DA","Bordeaux-Cartierville"
"1471",24662562,6411,"DA","Bordeaux-Cartierville"
"1472",24662563,6411,"DA","Bordeaux-Cartierville"
"1473",24662565,6421,"DA","Ahuntsic"
"1474",24662566,6421,"DA","Ahuntsic"
"1475",24663273,6223,"DA","Snowdon"
"1476",24663275,6224,"DA","Côte-des-Neiges"
"1477",24663297,6411,"DA","Bordeaux-Cartierville"
"1478",24740029,15151,"DA","Deux-Montagnes - Mirabel"
"1479",24740056,15151,"DA","Deux-Montagnes - Mirabel"
"1480",24740059,15161,"DA","La Rivière-du-Nord - Mirabel"
"1481",24820055,7151,"DA","Vallée-de-la-Lièvre"
"1482",24820056,7131,"DA","Les Collines-de-l'Outaouais"
"1483",24820057,7131,"DA","Les Collines-de-l'Outaouais"
"1484",24820058,7131,"DA","Les Collines-de-l'Outaouais"
"1485",24820059,7131,"DA","Les Collines-de-l'Outaouais"
"1486",24820060,7131,"DA","Les Collines-de-l'Outaouais"
"1487",24820061,7131,"DA","Les Collines-de-l'Outaouais"
"1488",24820072,7131,"DA","Les Collines-de-l'Outaouais"
"1489",24970085,9141,"DA","Sept-Îles"
"1490",24970086,9141,"DA","Sept-Îles"
"1491",24970087,9141,"DA","Sept-Îles"
"1492",24970088,9141,"DA","Sept-Îles"
"1493",24970089,9141,"DA","Sept-Îles"
"1494",24970092,9141,"DA","Sept-Îles"
"1495",24970093,9141,"DA","Sept-Îles"
"1496",24970094,9141,"DA","Sept-Îles"
"1497",24970095,9141,"DA","Sept-Îles"
"1498",24970096,9141,"DA","Sept-Îles"
"1499",24970097,9141,"DA","Sept-Îles"
"1500",24970101,9141,"DA","Sept-Îles"
"1501",24970102,9141,"DA","Sept-Îles"
"1502",24970103,9141,"DA","Sept-Îles"
"1503",24970104,9141,"DA","Sept-Îles"
"1504",24970105,9141,"DA","Sept-Îles"
"1505",24970106,9141,"DA","Sept-Îles"
"1506",24970107,9141,"DA","Sept-Îles"
"1507",24970108,9141,"DA","Sept-Îles"
"1508",24970109,9141,"DA","Sept-Îles"
"1509",24970110,9141,"DA","Sept-Îles"
"1510",24970111,9141,"DA","Sept-Îles"
"1511",24970112,9141,"DA","Sept-Îles"
"1512",24970113,9141,"DA","Sept-Îles"
"1513",24970114,9141,"DA","Sept-Îles"
"1514",24970115,9141,"DA","Sept-Îles"
"1515",24970116,9141,"DA","Sept-Îles"
"1516",24970117,9141,"DA","Sept-Îles"
"1517",24970118,9141,"DA","Sept-Îles"
"1518",24970119,9141,"DA","Sept-Îles"
"1519",24970120,9141,"DA","Sept-Îles"
"1520",24970121,9141,"DA","Sept-Îles"
"1521",24970122,9141,"DA","Sept-Îles"
"1522",24970123,9141,"DA","Sept-Îles"
"1523",24970124,9141,"DA","Sept-Îles"
"1524",24970125,9131,"DA","Port-Cartier"
"1525",24970126,9131,"DA","Port-Cartier"
"1526",24970141,9141,"DA","Sept-Îles"
"1527",24970144,9141,"DA","Sept-Îles"
"1528",24970147,9141,"DA","Sept-Îles"
"1529",24970149,9141,"DA","Sept-Îles"
"1530",24970152,9141,"DA","Sept-Îles"
"1531",24970153,9141,"DA","Sept-Îles"
"1532",24970154,9141,"DA","Sept-Îles"
"1533",24990190,10013,"DA","Lebel-sur-Quévillon"
"1534",24990233,18011,"DA","Territoire Cri"
"1535",24990234,18011,"DA","Territoire Cri"
